Feature,Benign_Mean,Attack_Mean,Cohen_d,Effect_Size
ack_flag_number,0.13080643,0.12414367,0.01997339951192663,Small (< 0.5)
Rate,67.11315,79.93059,0.01672653510313975,Small (< 0.5)
Srate,67.11315,79.93059,0.01672653510313975,Small (< 0.5)
psh_flag_number,0.09221205,0.08794925,0.014886053179066525,Small (< 0.5)
Radius,100.54391,93.67021,0.014795081145259266,Small (< 0.5)
Std,96.75198,90.15987,0.01474529464392541,Small (< 0.5)
total_counts,25.652994,23.00834,0.013562166589935264,Small (< 0.5)
rst_count,4360.317,3918.1838,0.01323017291963645,Small (< 0.5)
Covariance,26155.17,22806.736,0.012947042257848266,Small (< 0.5)
rst_syn_ratio,798252700.0,683739970.0,0.012732952811512105,Small (< 0.5)
urg_count,7.213955,6.3446417,0.011817327066022008,Small (< 0.5)
fin_flag_number,0.08383699,0.08704225,0.011459923347072283,Small (< 0.5)
rst_flag_number,0.08772233,0.090920076,0.011222639072839694,Small (< 0.5)
Variance,1.2455786,1.2126057,0.011132291163703975,Small (< 0.5)
ack_count,0.08811518,0.091021314,0.010207972792450342,Small (< 0.5)
Duration,2.5380414,2.3930278,0.0101847383911116,Small (< 0.5)
Max,25.44601,24.459108,0.009593165807129952,Small (< 0.5)
SSH,0.0,4.299596e-05,0.009273559682516726,Small (< 0.5)
remote_access,0.0,4.299596e-05,0.009273559682516726,Small (< 0.5)
rate_ratio,-44362.867,-42063.062,0.007720572860806507,Small (< 0.5)
Tot size,17.885447,17.425304,0.007628523256782134,Small (< 0.5)
fin_count,0.09713521,0.09942788,0.007572220393970854,Small (< 0.5)
drate_ratio,0.0,5.132572e-07,0.007082903003197595,Small (< 0.5)
flow_duration,82.57567,61.86686,0.006897901997648849,Small (< 0.5)
Header_Length,325.40588,312.75363,0.006755231752314571,Small (< 0.5)
