Feature,RF_Importance,ET_Importance,ANOVA_F,Consensus_Score
Rate,0.0704,0.0428,1.66,0.9334
Srate,0.0677,0.0404,1.66,0.8963
IAT,0.0654,0.0378,1.94,0.8806
Header_Length,0.0415,0.0421,1.01,0.7103
Duration,0.0422,0.0379,0.96,0.6713
duration_ratio,0.0304,0.0392,0.94,0.6146
AVG,0.0343,0.0283,1.42,0.5737
header_to_payload_ratio,0.0432,0.0318,0.38,0.5727
Tot sum,0.0385,0.0316,0.65,0.5662
Min,0.0242,0.0288,1.86,0.5562
Tot size,0.035,0.0271,1.21,0.5502
Magnitue,0.0342,0.0295,0.98,0.5487
avg_packet_size,0.0324,0.0279,1.22,0.5422
flow_duration,0.0394,0.032,0.2,0.5386
Covariance,0.0362,0.0283,0.84,0.5374
Protocol Type,0.0267,0.0345,0.75,0.5349
Radius,0.0331,0.0273,0.63,0.4945
Max,0.0303,0.0271,0.85,0.4939
Std,0.0336,0.025,0.63,0.4756
syn_count,0.0213,0.0266,1.28,0.4718
syn_ack_ratio,0.0206,0.024,1.24,0.441
rst_count,0.0232,0.0286,0.2,0.4156
Variance,0.0202,0.0278,0.49,0.4139
ICMP,0.002,0.0218,2.45,0.4119
total_counts,0.0286,0.0237,0.21,0.4005
